City_ID,City,Lat,Lng,Max Temp,Humidity,Cloudiness,Wind Speed,Country,Date
0,port-aux-francais,-49.35,70.2167,5.82,75,5,11.25,TF,1707700806
1,fontaine-les-dijon,47.3424,5.0201,6.4,93,75,1.03,FR,1707700736
2,iqaluit,63.7506,-68.5145,-26.84,62,40,2.57,CA,1707700807
3,utrik,11.2278,169.8474,25.95,80,100,10.6,MH,1707700809
4,ilulissat,69.2167,-51.1,-17.99,65,100,4.12,GL,1707700810
5,grytviken,-54.2811,-36.5092,4.55,77,3,4.52,GS,1707700812
6,seabrook,38.9679,-76.845,10.93,87,100,0.0,US,1707700812
7,hikari,33.955,131.95,8.99,50,3,2.35,JP,1707700813
8,stanley,54.868,-1.6985,2.1,92,20,4.12,GB,1707700814
9,waitangi,-43.9535,-176.5597,16.01,79,76,1.79,NZ,1707700814
10,remire-montjoly,4.9167,-52.2667,27.02,83,75,1.54,GF,1707700815
11,katsuura,35.1333,140.3,6.41,78,77,8.94,JP,1707700816
12,fort st. john,56.2499,-120.8529,0.94,51,75,1.03,CA,1707700818
13,vavoua,7.3819,-6.4778,26.13,45,0,1.47,CI,1707700819
14,bilibino,68.0546,166.4372,-31.04,99,28,1.25,RU,1707700819
15,haiku-pauwela,20.9219,-156.3051,25.14,71,40,4.12,US,1707700819
16,linxia chengguanzhen,35.6003,103.2064,-0.52,39,0,1.61,CN,1707700819
17,vernon,50.2581,-119.2691,2.56,92,100,0.51,CA,1707700820
18,san antonio de pale,-1.4014,5.6325,28.31,79,23,1.15,GQ,1707700821
19,queenstown,-31.8976,26.8753,12.49,83,5,0.68,ZA,1707700821
20,rongelap,11.1635,166.8941,26.21,78,69,9.82,MH,1707700822
21,kununurra,-15.7667,128.7333,28.99,79,100,2.06,AU,1707700823
22,hamilton,39.1834,-84.5333,6.51,71,0,3.09,US,1707700544
23,muynoq,43.7683,59.0214,2.28,62,100,5.24,UZ,1707700824
24,mogocha,53.7333,119.7667,-13.29,92,98,1.49,RU,1707700824
25,thompson,55.7435,-97.8558,-9.91,85,100,1.03,CA,1707700825
26,mili,6.0815,171.735,27.44,80,70,11.02,MH,1707700826
27,port elizabeth,-33.918,25.5701,19.16,88,0,5.66,ZA,1707700677
28,pacasmayo,-7.4006,-79.5714,23.78,85,99,6.7,PE,1707700827
29,flying fish cove,-10.4217,105.6791,27.82,78,65,1.54,CX,1707700714
30,tura,25.5198,90.2201,12.24,54,6,0.89,IN,1707700828
31,yellowknife,62.456,-114.3525,-13.71,85,20,4.12,CA,1707700829
32,namibe,-15.1961,12.1522,26.6,74,100,1.68,AO,1707700829
33,punta arenas,-53.15,-70.9167,7.06,70,20,7.72,CL,1707700827
34,invercargill,-46.4,168.35,16.68,72,84,4.02,NZ,1707700830
35,saipan,15.1355,145.701,29.39,58,40,7.2,MP,1707700831
36,rio grande,-32.035,-52.0986,24.41,93,17,5.12,BR,1707700831
37,blackmans bay,-43.0167,147.3167,24.74,64,43,0.89,AU,1707700832
38,trinidad,-14.8333,-64.9,25.17,93,99,1.17,BO,1707700833
39,weno,7.4515,151.8468,29.97,66,75,5.66,FM,1707700834
40,venafro,41.4834,14.0451,8.86,83,86,1.4,IT,1707700835
41,georgetown,5.4112,100.3354,27.96,65,20,5.14,MY,1707700836
42,luganville,-15.5333,167.1667,30.38,64,26,2.31,VU,1707700832
43,piripiri,-4.2733,-41.7769,24.36,83,79,1.19,BR,1707700837
44,sinsang-ni,39.6503,127.4058,0.0,58,0,1.51,KP,1707700840
45,bethel,41.3712,-73.414,6.17,72,75,0.0,US,1707700841
46,okhotsk,59.3833,143.3,-25.91,91,45,2.43,RU,1707700842
47,uturoa,-16.7333,-151.4333,27.67,87,100,10.17,PF,1707700844
48,adamstown,-25.066,-130.1015,24.6,91,56,9.71,PN,1707700845
49,glace bay,46.1969,-59.957,1.66,91,75,0.89,CA,1707700847
50,senador jose porfirio,-2.5908,-51.9542,23.91,98,100,1.5,BR,1707700848
51,badger,64.8,-147.5333,-3.86,87,0,0.0,US,1707700756
52,ushuaia,-54.8,-68.3,6.81,76,75,9.77,AR,1707700624
53,edinburgh of the seven seas,-37.0676,-12.3116,17.38,71,9,8.28,SH,1707700850
54,christchurch,-43.5333,172.6333,20.23,54,100,5.66,NZ,1707700852
55,caleta de carquin,-11.0925,-77.6267,25.13,79,100,4.05,PE,1707700853
56,dawson creek,55.7666,-120.2362,-2.2,69,0,1.54,CA,1707700855
57,quellon,-43.1167,-73.6167,11.43,70,1,6.53,CL,1707700855
58,college,64.8569,-147.8028,-3.82,80,75,0.0,US,1707700855
59,nagqu,31.5,92.0,-13.77,66,100,1.83,CN,1707700856
60,woolgoolga,-30.1106,153.2007,23.93,71,90,2.0,AU,1707700856
61,usogorsk,63.4106,48.6872,-22.96,100,99,1.43,RU,1707700857
62,san patricio,28.017,-97.5169,21.92,58,0,5.56,US,1707700857
63,dourbali,11.8091,15.8632,23.31,13,0,4.0,TD,1707700858
64,alamos,27.0167,-108.9333,15.67,21,0,1.88,MX,1707700860
65,malvan,16.0667,73.4667,26.07,53,59,6.69,IN,1707700860
66,severo-yeniseyskiy,60.3725,93.0408,-18.27,94,100,4.44,RU,1707700860
67,qaqortoq,60.7167,-46.0333,-16.67,70,93,2.82,GL,1707700861
68,puerto baquerizo moreno,-0.9,-89.6,26.42,86,87,4.12,EC,1707700862
69,port alfred,-33.5906,26.891,18.99,84,100,0.89,ZA,1707700862
70,puerto natales,-51.7236,-72.4875,7.01,71,88,6.1,CL,1707700582
71,tiksi,71.6872,128.8694,-34.92,100,100,0.38,RU,1707700864
72,cabo san lucas,22.8909,-109.9124,22.17,62,0,5.14,MX,1707700865
73,aleg,17.0481,-13.9209,26.0,30,0,4.8,MR,1707700865
74,irymple,-34.25,142.1667,36.72,31,0,0.45,AU,1707700680
75,catumbela,-12.4314,13.5472,27.28,81,100,1.3,AO,1707700690
76,ancud,-41.8697,-73.8203,11.78,76,39,2.13,CL,1707700600
77,qarazhal,48.0078,70.7903,-21.72,96,5,1.45,KZ,1707700868
78,klaksvik,62.2266,-6.589,5.51,95,100,11.52,FO,1707700624
79,bredasdorp,-34.5322,20.0403,17.84,90,1,2.47,ZA,1707700869
80,hermanus,-34.4187,19.2345,21.0,72,0,4.8,ZA,1707700872
81,boende,-0.2167,20.8667,26.27,55,99,0.95,CD,1707700873
82,kerikeri,-35.2268,173.9474,22.55,53,23,3.61,NZ,1707700874
83,afaahiti,-17.75,-149.2833,25.93,89,96,8.93,PF,1707700874
84,labrador city,52.9463,-66.9114,-9.05,86,100,5.66,CA,1707700875
85,abong mbang,3.9833,13.1833,21.91,32,100,0.91,CM,1707700875
86,muli,2.9167,73.5667,27.8,78,100,8.75,MV,1707700875
87,yuzhno-kurilsk,44.0306,145.8556,-5.35,80,100,6.23,RU,1707700876
88,wailua homesteads,22.0669,-159.378,25.24,71,100,7.72,US,1707700876
89,margaret river,-33.95,115.0667,20.88,60,0,6.91,AU,1707700876
90,kingston,17.997,-76.7936,26.53,75,20,7.72,JM,1707700876
91,nanao,37.05,136.9667,5.66,77,15,2.57,JP,1707700877
92,avarua,-21.2078,-159.775,29.03,61,20,6.17,CK,1707700878
93,lihue,21.9789,-159.3672,25.58,71,100,7.72,US,1707700878
94,gadzhiyevo,69.2551,33.3362,-20.52,99,100,2.51,RU,1707700879
95,albany,42.6001,-73.9662,2.54,73,100,1.34,US,1707700834
96,geraldton,-28.7667,114.6,25.23,73,0,6.17,AU,1707700708
97,nova sintra,14.8667,-24.7167,20.27,79,0,7.19,CV,1707700881
98,lebu,-37.6167,-73.65,14.97,87,0,9.52,CL,1707700881
99,port mathurin,-19.6833,63.4167,27.47,85,98,8.24,MU,1707700881
100,zara,44.1197,15.2422,9.34,93,75,2.57,HR,1707700882
101,manismata,-2.4667,111.0333,25.41,94,100,1.17,ID,1707700882
102,cockburn town,21.4612,-71.1419,23.98,64,40,5.14,TC,1707700883
103,anadyr,64.75,177.4833,-23.72,69,100,7.0,RU,1707700883
104,benemerito de las americas,16.5167,-90.6439,24.29,64,0,0.4,MX,1707700884
105,talnakh,69.4865,88.3972,-33.64,88,15,1.49,RU,1707700884
106,ribeira grande,38.5167,-28.7,17.65,88,11,12.96,PT,1707700884
107,auki,-8.7676,160.7034,27.53,86,81,5.23,SB,1707700885
108,port lincoln,-34.7333,135.8667,23.82,58,0,2.99,AU,1707700885
109,ranikhet,29.65,79.4167,2.92,58,0,2.22,IN,1707700886
110,udachny,66.4167,112.4,-31.31,98,100,3.2,RU,1707700886
111,laojunmiao,39.8333,97.7333,-3.77,21,10,0.45,CN,1707700887
112,lorengau,-2.0226,147.2712,29.07,74,89,3.14,PG,1707700887
113,whitehorse,60.7161,-135.0538,0.43,48,75,3.6,CA,1707700725
114,sibsagar,26.9833,94.6333,14.74,68,0,0.81,IN,1707700887
115,siverek,37.755,39.3167,7.22,80,100,1.82,TR,1707700888
116,itoman,26.1247,127.6694,18.01,45,20,4.63,JP,1707700888
117,petropavlovsk-kamchatsky,53.0452,158.6483,-13.67,72,0,3.13,RU,1707700888
118,danville,36.586,-79.395,11.91,96,40,0.0,US,1707700889
119,zeya,53.75,127.2667,-9.97,89,100,2.87,RU,1707700889
120,pokhara,28.2333,83.9833,11.15,22,0,3.11,NP,1707700890
121,jamestown,42.097,-79.2353,0.77,84,100,2.06,US,1707700777
122,tarawa,1.419,172.984,31.05,74,75,4.63,KI,1707700890
123,puerto ayora,-0.7393,-90.3518,26.97,95,37,6.01,EC,1707700891
124,tikrit,34.6071,43.6782,14.12,56,0,3.59,IQ,1707700891
125,pokachi,61.7198,75.3683,-24.91,95,89,4.38,RU,1707700891
126,mar del plata,-38.0023,-57.5575,24.41,90,0,2.06,AR,1707700892
127,singkawang,0.9,109.0,26.18,84,100,2.51,ID,1707700892
128,guayaramerin,-10.8368,-65.3614,25.2,94,100,1.78,BO,1707700893
129,tazacorte,28.629,-17.9293,19.54,71,100,3.09,ES,1707700893
130,papatowai,-46.5619,169.4708,17.06,55,90,5.54,NZ,1707700893
131,enewetak,11.3474,162.3373,26.49,77,100,9.83,MH,1707700880
132,chonchi,-42.6128,-73.8092,11.84,73,1,2.51,CL,1707700596
133,urangan,-25.3,152.9,26.22,92,31,2.68,AU,1707700894
134,jijiang,29.2906,106.2542,14.71,66,71,1.43,CN,1707700894
135,vangviang,18.9333,102.45,19.56,82,9,0.53,LA,1707700895
136,constantia,44.1833,28.65,13.38,71,100,9.17,RO,1707700895
137,vilaka,57.1846,27.6722,-1.32,98,100,2.7,LV,1707700895
138,lusambo,-4.9667,23.45,21.18,81,97,1.15,CD,1707700896
139,puerto madero,14.7208,-92.4215,26.11,89,0,1.54,MX,1707700714
140,vrede,-27.4257,29.1659,10.32,95,1,1.85,ZA,1707700896
141,belmonte,-15.8631,-38.8828,25.34,86,10,2.55,BR,1707700897
142,luderitz,-26.6481,15.1594,17.92,90,3,1.56,,1707700897
143,west island,-12.1568,96.8225,28.99,74,40,3.6,CC,1707700749
144,bubaque,11.2833,-15.8333,26.33,63,0,6.36,GW,1707700897
145,tual,-5.6667,132.75,28.81,80,69,8.17,ID,1707700897
146,piti village,13.4626,144.6933,30.49,64,40,8.23,GU,1707700898
147,mukalla,14.5425,49.1242,23.1,76,53,2.01,YE,1707700898
148,newman,37.3138,-121.0208,14.58,67,99,1.34,US,1707700899
149,mitu,1.1983,-70.1733,23.16,97,98,1.13,CO,1707700899
150,longyearbyen,78.2186,15.6401,-8.09,73,75,4.63,SJ,1707700793
151,fuxin,42.0156,121.6589,-1.07,75,2,5.05,CN,1707700899
152,carnarvon,-24.8667,113.6333,29.37,52,0,6.21,AU,1707700900
153,ust-nera,64.5667,143.2,-33.27,99,72,0.8,RU,1707700900
154,brisas barra de suchiate,14.55,-92.2167,26.1,68,0,2.58,MX,1707700900
155,polyarnyy,69.1989,33.4478,-19.23,99,100,2.43,RU,1707700900
156,isangel,-19.55,169.2667,28.06,89,100,0.0,VU,1707700900
157,isafjordur,66.0755,-23.124,0.29,84,100,12.35,IS,1707700820
158,thai binh,20.45,106.3333,17.9,60,3,2.13,VN,1707700901
159,ulanhot,46.0833,122.0833,-1.91,54,0,6.81,CN,1707700901
160,kodiak,57.79,-152.4072,2.73,75,0,4.12,US,1707700902
161,brisas de zicatela,15.8369,-97.0419,27.29,69,75,3.09,MX,1707700902
162,olonkinbyen,70.9221,-8.7187,-2.71,62,100,3.75,SJ,1707700902
163,santana do matos,-5.9575,-36.6556,27.25,72,33,6.73,BR,1707700902
164,bayji,34.9311,43.487,13.94,57,0,3.08,IQ,1707700903
165,happy valley-goose bay,53.3168,-60.3315,-0.83,100,100,1.54,CA,1707700903
166,atafu village,-8.5421,-172.5159,28.28,80,100,7.45,TK,1707700742
167,broken hill,-31.95,141.4333,33.21,25,0,2.45,AU,1707700611
168,plottier,-38.9667,-68.2333,24.95,38,0,2.06,AR,1707700904
169,pindushi,62.9152,34.58,-26.52,100,100,0.93,RU,1707700904
170,kismayo,-0.3582,42.5454,25.99,84,100,5.05,SO,1707700904
171,saldanha,-33.0117,17.9442,21.03,83,0,4.04,ZA,1707700905
172,antsiranana,-12.2787,49.2917,24.39,94,100,4.55,MG,1707700905
173,nar'yan-mar,67.6713,53.087,-33.27,100,21,1.79,RU,1707700905
174,geiro,-6.15,36.8667,17.53,94,100,0.4,TZ,1707700906
175,tubarjal,30.4999,38.216,10.66,68,100,3.91,SA,1707700906
176,kambar,27.5868,68.001,15.67,16,96,1.14,PK,1707700907
177,usinsk,65.9939,57.5281,-34.4,100,100,2.24,RU,1707700907
178,codrington,-38.2667,141.9667,24.71,50,0,3.63,AU,1707700907
179,emerald,-23.5333,148.1667,30.19,51,23,4.8,AU,1707700908
180,angaur state,6.906,134.13,27.46,82,100,8.47,PW,1707700908
181,vilyuchinsk,52.9306,158.4028,-12.85,71,5,2.55,RU,1707700908
182,hargeysa,9.56,44.065,17.45,89,37,0.94,SO,1707700908
183,tamanrasset,22.785,5.5228,10.95,10,0,2.57,DZ,1707700909
184,el granada,37.5027,-122.4694,16.01,77,0,3.6,US,1707700909
185,hilo,19.7297,-155.09,28.49,77,40,5.66,US,1707700909
186,basse santa su,13.31,-14.2137,27.55,11,0,0.96,GM,1707700909
187,mata-utu,-13.2816,-176.1745,28.43,81,75,8.98,WF,1707700910
188,mournies,35.4764,24.0092,17.22,63,40,6.17,GR,1707700910
189,callao,-12.0667,-77.15,27.62,69,0,6.69,PE,1707700634
190,vorgashor,67.5833,63.95,-32.47,100,100,1.85,RU,1707700911
191,lamu,-2.2717,40.902,24.99,91,68,2.14,KE,1707700911
192,alice springs,-23.7,133.8833,33.75,38,75,2.57,AU,1707700911
193,madimba,-10.4,40.3333,25.09,94,100,2.31,TZ,1707700911
194,oebisfelde,52.4333,10.9833,9.1,80,100,3.06,DE,1707700912
195,racine,42.7495,-88.0751,-0.42,81,0,0.0,US,1707700845
196,kilindoni,-7.9139,39.6668,27.82,82,94,5.19,TZ,1707700912
197,aioun,16.6614,-9.6149,24.39,9,0,3.92,MR,1707700912
198,tolanaro,-25.0319,46.9987,27.04,83,40,5.14,MG,1707700913
199,bhadrachalam,17.6667,80.8833,18.31,95,93,0.77,IN,1707700913
200,hawaiian paradise park,19.5933,-154.9731,26.73,77,40,5.66,US,1707700913
201,dudinka,69.4058,86.1778,-37.4,99,18,1.79,RU,1707700871
202,oriximina,-1.7656,-55.8661,24.47,92,76,1.72,BR,1707700914
203,plouguerneau,48.6,-4.5,8.21,93,100,2.06,FR,1707700914
204,el sauzal de rodriguez,31.9,-116.6833,14.12,65,0,3.11,MX,1707700914
205,praia da vitoria,38.7333,-27.0667,17.14,88,20,12.75,PT,1707700914
206,schweizer-reneke,-27.1887,25.3293,16.6,88,1,4.75,ZA,1707700915
207,kapuskasing,49.4169,-82.4331,-7.95,93,100,1.54,CA,1707700915
208,ponferrada,42.5466,-6.5962,7.34,97,100,1.56,ES,1707700915
209,eastham,41.8301,-69.9739,4.5,72,0,1.54,US,1707700916
210,novo aripuana,-5.1206,-60.3797,23.54,99,100,1.24,BR,1707700916
211,kailua-kona,19.6406,-155.9956,26.98,75,75,3.6,US,1707700916
212,fort bragg,35.139,-79.006,16.75,92,40,0.0,US,1707700917
213,taseyevo,57.2169,94.8978,-13.37,89,100,3.82,RU,1707700917
214,koulamoutou,-1.1303,12.4736,23.46,92,100,0.54,GA,1707700917
215,ca mau,9.1769,105.15,25.87,68,9,4.62,VN,1707700917
216,rio bueno,-40.3167,-72.9667,17.08,72,4,2.3,CL,1707700918
217,dassa-zoume,7.75,2.1833,27.93,70,100,3.99,BJ,1707700918
218,vilyuysk,63.7553,121.6247,-27.22,96,100,4.92,RU,1707700918
219,santa cruz do sul,-29.7175,-52.4258,24.12,96,82,1.25,BR,1707700665
220,gagarin,55.5529,34.9954,-2.8,97,100,3.71,RU,1707700919
221,tayshet,55.9342,98.0044,-13.8,91,100,4.22,RU,1707700919
222,pisco,-13.7,-76.2167,24.03,78,0,7.2,PE,1707700919
223,menongue,-14.6585,17.691,18.83,86,97,1.03,AO,1707700919
224,irece,-11.3042,-41.8558,21.09,86,100,4.82,BR,1707700763
225,ebon,4.582,168.6964,27.83,81,22,9.35,MH,1707700920
226,francisco i. madero,29.7059,-107.8043,-2.28,66,0,1.78,MX,1707700920
227,jaisinghnagar,23.7,81.3833,14.14,42,58,1.88,IN,1707700920
228,mount gambier,-37.8333,140.7667,29.61,22,0,1.66,AU,1707700884
229,al bawiti,28.3492,28.8659,15.01,42,100,3.39,EG,1707700921
230,yanam,16.7333,82.2167,18.68,95,62,2.04,IN,1707700921
231,saint-pierre,-21.3393,55.4781,24.82,88,0,1.03,RE,1707700787
232,shimoda,34.6667,138.95,10.2,71,82,4.5,JP,1707700780
233,fisterra,42.9049,-9.2629,14.3,86,59,13.27,ES,1707700922
234,kirkmichael,54.2856,-4.5875,4.88,79,8,7.11,IM,1707700922
235,brookings,44.3114,-96.7984,2.32,75,0,3.6,US,1707700923
236,ulsteinvik,62.3432,5.8487,4.07,70,100,0.89,NO,1707700923
237,bel ombre,-4.6167,55.4167,27.91,78,40,2.06,SC,1707700923
238,tazovsky,67.4667,78.7,-33.29,99,99,2.41,RU,1707700924
239,kabalo,-6.05,26.9167,20.19,97,54,1.15,CD,1707700924
240,pandan,14.0453,124.1694,24.88,74,94,9.1,PH,1707700924
241,southport,53.6478,-3.0065,5.57,86,45,5.16,GB,1707700925
242,selfoss,63.9331,-20.9971,-3.77,75,100,6.38,IS,1707700925
243,kegen,43.0197,79.2203,-9.84,81,100,2.13,KZ,1707700925
244,polatsk,55.4859,28.7756,0.37,98,100,3.29,BY,1707700925
245,rabo de peixe,37.8,-25.5833,17.77,99,75,7.72,PT,1707700926
246,benjamin constant,-4.3831,-70.0311,24.07,99,100,0.54,BR,1707700926
247,kavieng,-2.5744,150.7967,29.3,71,100,2.77,PG,1707700926
248,coquimbo,-29.9533,-71.3436,18.98,77,3,3.13,CL,1707700397
249,sur,22.5667,59.5289,22.75,79,12,5.96,OM,1707700927
250,masina,-4.3836,15.3914,25.16,88,75,0.0,CD,1707700927
251,dame-marie,18.5667,-74.4167,25.22,65,0,2.77,HT,1707700927
252,lamarque,-39.423,-65.7021,28.74,17,15,6.93,AR,1707700927
253,basoko,1.2391,23.616,26.29,61,100,1.79,CD,1707700928
254,outjo,-20.1167,16.15,22.23,75,84,2.33,,1707700928
255,east london,-33.0153,27.9116,19.39,80,7,4.9,ZA,1707700928
256,prabumulih,-3.45,104.25,24.87,93,47,2.23,ID,1707700929
257,belle fourche,44.6714,-103.8522,3.73,60,100,3.28,US,1707700929
258,mugia,43.1041,-9.2179,14.39,85,87,13.9,ES,1707700929
259,sinop,41.7711,34.8709,9.27,63,100,3.49,TR,1707700930
260,kijang,35.2442,129.2139,2.85,46,0,1.19,KR,1707700930
261,didwana,27.4,74.5667,12.37,34,100,2.66,IN,1707700930
262,keflavik,64.0049,-22.5624,-0.76,74,0,4.63,IS,1707700930
263,zhatay,62.1594,129.8294,-34.97,68,0,3.0,RU,1707700931
264,tiruchchendur,8.4833,78.1167,24.16,78,41,7.13,IN,1707700931
265,nouadhibou,20.931,-17.0347,20.99,68,0,5.66,MR,1707700931
266,igarka,67.4667,86.5833,-32.97,92,19,2.39,RU,1707700932
267,tibiri,13.5627,7.0485,21.76,13,2,3.94,NE,1707700932
268,las palmas,28.4204,-14.0131,17.44,77,0,3.6,ES,1707700932
269,tutoia,-2.7619,-42.2744,26.56,90,93,3.6,BR,1707700933
270,iskateley,67.6803,53.1512,-33.32,100,15,1.79,RU,1707700933
271,sao felix do xingu,-6.6447,-51.995,23.19,99,100,1.55,BR,1707700934
272,wolmaransstad,-27.1974,25.9831,16.58,89,0,4.97,ZA,1707700934
273,pirallahi,40.4723,50.333,5.08,61,96,3.77,AZ,1707700934
274,inari,68.906,27.0288,-19.89,97,53,2.6,FI,1707700934
275,ardakan,32.31,54.0175,8.91,29,1,2.8,IR,1707700935
276,toba,34.4833,136.85,7.83,59,7,2.68,JP,1707700771
277,roosevelt,33.9668,-103.4505,-1.07,89,100,3.26,US,1707700935
278,twon-brass,4.3151,6.2418,27.78,88,9,4.24,NG,1707700935
279,fortuna,40.5982,-124.1573,13.32,91,0,0.0,US,1707700936
280,waingapu,-9.6567,120.2641,28.99,72,75,3.38,ID,1707700936
281,ta`u,-14.2336,-169.5144,28.85,80,100,7.72,AS,1707700937
282,vadso,70.0744,29.7487,-6.91,79,100,4.63,NO,1707700937
283,hinton,53.4001,-117.5857,-1.74,96,100,0.8,CA,1707700938
284,st. john's,47.5649,-52.7093,1.66,92,100,4.12,CA,1707700833
285,westport,41.1415,-73.3579,6.99,64,75,1.54,US,1707700939
286,iranshahr,27.2025,60.6848,16.1,60,100,3.3,IR,1707700940
287,santa ana de yacuma,-13.75,-65.4333,26.8,83,100,1.91,BO,1707700941
288,faaborg,55.0951,10.2423,4.0,97,100,4.78,DK,1707700941
289,sergeyevka,53.88,67.4158,-21.77,98,8,3.25,KZ,1707700942
290,san luis,-33.295,-66.3356,25.59,69,82,2.82,AR,1707700943
291,new norfolk,-42.7826,147.0587,25.4,32,87,1.65,AU,1707700943
292,yemva,62.59,50.8594,-25.82,100,100,1.23,RU,1707700943
293,bosaso,11.2842,49.1816,24.72,71,6,3.1,SO,1707700944
294,lerwick,60.1545,-1.1494,5.0,98,100,9.82,GB,1707700944
295,tuburan,6.6439,122.2736,30.05,68,91,5.0,PH,1707700945
296,el nido,11.1858,119.3956,26.53,75,65,11.86,PH,1707700945
297,alpena,45.0617,-83.4327,-0.82,92,100,0.0,US,1707700945
298,matara,5.9485,80.5353,23.1,83,74,2.65,LK,1707700946
299,den burg,53.0542,4.7972,7.98,91,100,4.12,NL,1707700946
300,teodoro sampaio,-22.5325,-52.1675,28.4,40,75,2.57,BR,1707700946
301,pachino,36.7186,15.0907,12.52,73,0,10.55,IT,1707700947
302,shingu,33.7333,135.9833,8.25,44,16,4.23,JP,1707700947
303,kapa'a,22.0752,-159.319,25.99,71,100,7.72,US,1707700947
304,port hedland,-20.3167,118.5667,37.03,32,0,3.6,AU,1707700948
305,qalat,32.1058,66.9083,4.85,43,100,3.33,AF,1707700948
306,kavaratti,10.5669,72.642,27.72,71,64,4.55,IN,1707700764
307,batang,-6.4846,110.7083,27.39,81,18,5.02,ID,1707700949
308,bochum,51.4833,7.2167,8.54,89,91,0.45,DE,1707700949
309,kuta,-8.7233,115.1723,28.97,83,75,4.63,ID,1707700950
310,sierra grande,-41.606,-65.3557,26.36,18,100,13.73,AR,1707700950
311,tamandare,-8.7597,-35.1047,25.57,88,100,1.43,BR,1707700950
312,lompoc,34.6391,-120.4579,15.56,64,0,4.12,US,1707700951
313,mount isa,-20.7333,139.5,33.87,46,40,4.12,AU,1707700951
314,aasiaat,68.7098,-52.8699,-22.43,99,100,5.3,GL,1707700951
315,uliastay,47.7417,96.8444,-6.99,75,100,2.99,MN,1707700952
316,kurgan,55.45,65.3333,-19.01,98,17,2.68,RU,1707700952
317,dunedin,-45.8742,170.5036,17.11,66,90,1.34,NZ,1707700952
318,zambezi,-13.5432,23.1047,20.38,78,85,0.72,ZM,1707700953
319,pakuranga,-36.8833,174.9167,24.35,56,4,4.63,NZ,1707700953
320,port moresby,-9.4431,147.1797,30.08,64,64,2.98,PG,1707700783
321,balabac,7.9868,117.0645,27.07,80,40,9.24,PH,1707700953
322,bodo,67.28,14.405,-5.13,63,0,12.86,NO,1707700954
323,mabaruma,8.2,-59.7833,22.54,92,94,1.68,GY,1707700954
324,caras,-9.0467,-77.8114,18.4,87,99,0.83,PE,1707700954
325,metlili chaamba,32.2667,3.6333,15.52,36,0,0.0,DZ,1707700955
326,sinabang,2.4803,96.3801,27.45,76,6,0.69,ID,1707700955
327,rio san juan,19.6439,-70.0763,23.23,70,0,6.15,DO,1707700955
328,coronel dorrego,-38.7187,-61.2873,24.32,65,77,5.64,AR,1707700956
329,yaren,-0.5472,166.916,28.27,75,95,1.68,NR,1707700956
330,sheridan,44.8333,-106.9173,3.16,58,100,2.57,US,1707700956
331,mandalgovi,45.7625,106.2708,-10.15,77,0,6.13,MN,1707700957
332,magadan,59.5667,150.8,-23.04,83,100,2.92,RU,1707700957
333,poncitlan,20.3667,-102.9167,20.95,31,99,2.86,MX,1707700957
334,puerto leguizamo,-0.1934,-74.7819,24.42,95,100,1.26,CO,1707700957
335,bamboo flat,11.7,92.7167,27.51,73,17,5.82,IN,1707700958
336,oyama,36.3,139.8,8.1,65,59,1.88,JP,1707700958
337,grande prairie,55.1667,-118.8027,-0.9,64,75,2.06,CA,1707700958
338,yuanlin,30.4151,112.8859,10.12,70,17,3.89,CN,1707700958
339,khovd,48.0056,91.6419,-3.53,59,19,4.99,MN,1707700959
340,mount pearl,47.5166,-52.7813,1.19,93,100,4.12,CA,1707700959
341,dongling,41.8144,123.5758,3.05,70,0,5.59,CN,1707700959
342,alofi,-19.0595,-169.9187,29.94,79,100,4.12,NU,1707700960
343,gorontalo,0.5412,123.0595,27.12,87,97,1.34,ID,1707700960
344,plettenberg bay,-34.0527,23.3716,19.5,66,2,1.96,ZA,1707700960
345,viale,-31.8678,-60.0072,31.0,46,100,2.01,AR,1707700960
346,altai,46.3722,96.2583,-4.07,47,89,12.92,MN,1707700884
347,choma,-16.8065,26.9531,17.39,96,95,2.77,ZM,1707700961
348,morehead city,34.7229,-76.726,18.01,89,40,4.12,US,1707700961
349,withernsea,53.7311,0.0335,5.61,88,12,5.9,GB,1707700691
350,gangtok,27.3333,88.6167,5.06,47,0,2.89,IN,1707700961
351,cidade velha,14.9167,-23.6167,22.26,78,20,4.63,CV,1707700962
352,susuman,62.7833,148.1667,-32.79,99,98,0.45,RU,1707700962
353,orchard homes,46.8633,-114.0484,2.08,72,100,2.06,US,1707700962
354,nelson bay,-32.7167,152.15,27.03,41,9,2.13,AU,1707700963
355,luba,3.4568,8.5547,25.94,87,100,2.07,GQ,1707700963
356,klyuchi,52.2667,79.1667,-14.41,87,100,7.36,RU,1707700963
357,san andres,12.5847,-81.7006,28.01,78,40,4.12,CO,1707700963
358,porbandar,21.6422,69.6093,17.62,45,58,4.76,IN,1707700964
359,murzuq,25.9155,13.9184,17.53,10,0,4.75,LY,1707700964
360,kayangel,8.0823,134.7173,27.53,82,100,9.04,PW,1707700964
361,lashkar gah,31.5938,64.3716,13.07,23,100,3.38,AF,1707700964
362,howard springs,-12.497,131.047,24.95,98,100,2.94,AU,1707700965
363,kas,36.2018,29.6377,14.15,70,100,5.72,TR,1707700965
364,kattivakkam,13.2167,80.3167,23.05,72,94,3.17,IN,1707700965
365,vaskelovo,60.3693,30.3534,-8.56,97,100,2.96,RU,1707700966
366,crete,35.1558,24.895,11.34,78,100,5.6,GR,1707700966
367,fale old settlement,-9.3852,-171.2468,28.57,80,100,7.1,TK,1707700966
368,pontianak,-0.0333,109.3333,25.99,94,75,2.57,ID,1707700966
369,tofol,5.3248,163.0078,29.88,70,100,7.72,FM,1707700967
370,santa cruz,-17.8,-63.1667,25.7,100,75,4.63,BO,1707700967
371,santyoku,37.4406,129.1708,4.45,46,0,3.14,KR,1707700967
372,suwayr,30.1171,40.3893,7.52,71,9,1.65,SA,1707700967
373,haparanda,65.8355,24.1368,-27.97,100,65,1.86,SE,1707700748
374,aykhal,66.0,111.5,-33.12,98,100,3.83,RU,1707700968
375,sen monorom,12.45,107.2,18.67,69,95,5.2,KH,1707700968
376,tralee,52.2704,-9.7026,7.78,62,9,7.93,IE,1707700968
377,sitka,57.0531,-135.33,3.94,75,75,3.09,US,1707700969
378,bilara,26.1792,73.7056,13.11,28,100,4.03,IN,1707700969
379,traverse city,44.7631,-85.6206,-1.89,74,0,1.54,US,1707700672
380,northam,51.0333,-4.2167,6.48,90,14,4.3,GB,1707700969
381,kovalam,8.3667,76.9967,26.05,83,40,0.0,IN,1707700970
382,gizo,-8.103,156.8419,28.24,76,97,5.46,SB,1707700970
383,amursk,50.2261,136.8994,-11.12,89,100,6.46,RU,1707700970
384,buurhakaba,2.8026,44.0781,24.06,76,97,4.12,SO,1707700971
385,jega,12.2175,4.3792,24.44,14,41,4.0,NG,1707700971
386,odda,60.0691,6.5457,-1.78,87,100,5.53,NO,1707700971
387,krasnoarmeyskoye,52.7182,50.0322,-20.2,93,90,2.71,RU,1707700971
388,jiazi,22.8779,116.067,15.72,64,26,8.32,CN,1707700972
389,porto novo,6.4965,2.6036,28.9,87,5,3.73,BJ,1707700972
390,recreo,-29.2818,-65.061,32.14,48,16,5.74,AR,1707700972
391,sydney,-33.8679,151.2073,29.63,58,20,3.6,AU,1707700210
392,benalla,-36.55,145.9833,29.61,31,0,4.17,AU,1707700973
393,saint-francois,46.4154,3.9054,5.92,83,100,2.06,FR,1707700973
394,flin flon,54.7682,-101.865,-8.25,99,93,1.02,CA,1707700973
395,roma,43.2128,-75.4557,1.64,79,99,0.89,US,1707700827
396,prince rupert,54.3161,-130.3201,5.83,81,0,4.63,CA,1707700965
397,hammerfest,70.6634,23.6821,-1.75,93,100,3.09,NO,1707700974
398,eilat,29.5581,34.9482,13.91,51,35,1.54,IL,1707700974
399,kigoma,-4.8769,29.6267,24.37,73,45,1.8,TZ,1707700974
400,kiunga,-6.1219,141.2906,31.96,60,99,0.85,PG,1707700975
401,patong,7.8961,98.2966,27.08,75,38,7.69,TH,1707700975
402,greenville,35.6127,-77.3663,18.09,95,100,0.0,US,1707700863
403,lycksele,64.5954,18.6735,-33.07,75,100,1.54,SE,1707700976
404,siluko,6.5386,5.1609,25.35,95,5,1.07,NG,1707700976
405,banamba,13.55,-7.45,22.94,11,0,3.41,ML,1707700976
406,formosa do rio preto,-11.0483,-45.1931,21.14,95,100,0.85,BR,1707700977
407,aldama,22.9167,-98.0667,26.39,54,73,4.63,MX,1707700977
408,extrema,-22.8547,-46.3183,21.98,74,100,1.43,BR,1707700977
409,taoudenni,22.6783,-3.9836,23.25,24,0,3.81,ML,1707700977
410,stephenville,32.2207,-98.2023,5.07,89,100,4.63,US,1707700978
411,pasuquin,18.3328,120.6177,25.97,57,20,3.6,PH,1707700978
412,mahina,-17.5065,-149.489,26.87,94,75,12.86,PF,1707700978
413,scorteni,45.1,25.85,9.43,76,100,1.21,RO,1707700978
414,yanchep,-31.55,115.6833,27.79,62,0,5.19,AU,1707700979
415,balcarce,-37.8462,-58.2552,24.9,88,77,0.89,AR,1707700979
416,tromso,69.6496,18.957,-6.99,93,40,1.03,NO,1707700979
417,kinkala,-4.3614,14.7644,22.74,91,100,0.65,CG,1707700980
418,shimanovsk,52.0,127.7,-7.91,82,100,5.53,RU,1707700980
419,puruaran,19.1,-101.5333,20.62,42,9,1.61,MX,1707700980
420,batticaloa,7.7102,81.6924,23.86,86,30,2.09,LK,1707700742
421,pak phanang,8.3511,100.202,25.01,75,81,6.94,TH,1707700981
422,ceeldheer,3.8488,47.1806,25.13,81,100,3.93,SO,1707700981
423,armidale,-30.5167,151.65,24.38,50,42,2.88,AU,1707700981
424,lionel town,17.8101,-77.2406,26.94,79,0,4.88,JM,1707700982
425,wotho,10.1657,166.0102,26.28,78,100,10.81,MH,1707700982
426,bestobe,52.4994,73.0975,-16.82,89,7,6.48,KZ,1707700982
427,karratha,-20.7377,116.8463,33.35,39,0,2.86,AU,1707700982
428,kizel,59.0471,57.6477,-22.94,100,100,1.98,RU,1707700983
429,fada,9.5667,8.3,22.19,25,4,2.12,NG,1707700983
430,sultanah,24.4926,39.5857,15.25,31,0,3.09,SA,1707700983
431,cape coast,5.1053,-1.2466,26.7,92,100,2.35,GH,1707700984
432,paramonga,-10.6667,-77.8333,25.1,80,100,3.32,PE,1707700984
433,revda,56.801,59.9303,-16.92,95,100,4.47,RU,1707700985
434,pilibangan,29.45,74.0833,9.94,35,95,2.07,IN,1707700985
435,bodaybo,57.8506,114.1933,-10.19,87,100,4.52,RU,1707700985
436,santa terezinha,-29.9002,-50.0904,24.79,91,77,4.12,BR,1707700985
437,prado,-17.3411,-39.2208,25.12,89,13,2.14,BR,1707700986
438,celso ramos,-27.6344,-51.3364,21.36,81,6,1.5,BR,1707700986
439,ishigaki,24.3448,124.1572,18.07,52,75,4.63,JP,1707700987
440,nova vicosa,-17.8919,-39.3719,25.37,88,23,2.42,BR,1707700987
441,sandnessjoen,66.0217,12.6316,-8.71,65,22,11.11,NO,1707700987
442,barra de santo antonio,-9.4047,-35.5072,26.6,82,82,3.81,BR,1707700988
443,tangalle,6.024,80.7911,21.85,85,5,1.21,LK,1707700988
444,bei'an,24.5399,109.533,13.9,56,0,1.09,CN,1707700988
445,ifrane,33.3333,-5.25,6.77,91,9,3.93,MA,1707700988
446,zhalantun,48.0,122.7167,-9.73,81,100,1.3,CN,1707700989
447,cabinda,-5.55,12.2,25.08,88,100,1.54,AO,1707700989
448,nha trang,12.25,109.1833,26.0,81,43,4.53,VN,1707700989
449,moyynkum,44.2914,72.9469,-2.44,95,100,2.91,KZ,1707700990
450,peace river,56.2501,-117.286,-1.83,68,75,2.06,CA,1707700712
451,beykonak,36.3257,30.303,14.53,70,100,2.53,TR,1707700991
452,mojkovac,42.9604,19.5833,5.2,98,95,0.72,ME,1707700991
453,trincomalee,8.5711,81.2335,26.77,72,45,6.91,LK,1707700991
454,palangkaraya,-2.2,113.8333,23.38,99,100,0.74,ID,1707700991
455,tiszaalpar,46.8128,19.9984,9.99,90,86,2.41,HU,1707700992
456,chivilcoy,-34.8957,-60.0167,26.27,63,0,2.59,AR,1707700992
457,berezovo,63.9381,65.0419,-34.89,100,5,0.91,RU,1707700993
458,vesoul,47.5833,5.8333,7.45,92,100,4.51,FR,1707700993
459,las heras,-46.5419,-68.9359,12.96,27,17,10.14,AR,1707700993
460,harstad,68.799,16.5293,-2.69,92,45,1.61,NO,1707700994
461,kondoros,46.7667,20.8,9.43,77,88,3.79,HU,1707700994
462,o barco de valdeorras,42.4164,-6.9901,9.39,98,100,2.83,ES,1707700994
463,cill airne,52.05,-9.5167,4.38,81,15,3.77,IE,1707700994
464,olyokminsk,60.3736,120.4264,-27.67,97,79,1.66,RU,1707700995
465,owando,-0.4819,15.8999,24.72,70,90,0.99,CG,1707700995
466,sa pa,22.3402,103.8441,8.73,75,17,0.5,VN,1707700995
467,xining,36.6167,101.7667,-6.17,56,2,1.28,CN,1707700995
468,sao joao da barra,-21.6403,-41.0511,24.09,91,0,2.92,BR,1707700996
469,ljungby,56.8332,13.9408,0.34,97,100,5.65,SE,1707700996
470,hajin,34.6927,40.827,13.91,57,98,2.05,SY,1707700996
471,katima mulilo,-17.5,24.2667,22.96,73,100,1.78,,1707700996
472,ridgecrest,35.6225,-117.6709,11.92,36,0,3.6,US,1707700997
473,guerrero negro,27.9769,-114.0611,18.19,36,0,4.65,MX,1707700997
474,ixtapa,20.7,-105.2,23.57,64,75,3.6,MX,1707700998
475,george town,5.4112,100.3354,26.96,65,20,4.63,MY,1707700480
476,zhob,31.3411,69.4481,8.54,35,100,0.5,PK,1707700998
477,bolvadin,38.7111,31.0486,7.59,78,100,2.81,TR,1707700998
478,allen,41.0706,-85.0144,2.32,78,20,0.0,US,1707700999
479,sabang,5.8933,95.3214,27.89,76,4,11.81,ID,1707700999
480,homer,59.6425,-151.5483,1.54,89,100,5.36,US,1707700999
481,jacobina,-11.1806,-40.5183,21.6,97,100,2.38,BR,1707701000
482,kegeyli shahar,42.7767,59.6078,1.05,67,100,5.71,UZ,1707701000
483,maralal,1.0968,36.698,16.73,70,100,2.17,KE,1707701000
484,navoiy,40.0844,65.3792,1.71,93,2,3.09,UZ,1707701000
485,barsovo,61.1667,73.1667,-26.93,95,91,3.94,RU,1707701001
486,littleport,52.4578,0.306,4.2,58,40,2.57,GB,1707701001
487,steinbach,50.1667,8.5667,8.43,90,100,4.63,DE,1707701001
488,inhapim,-19.5492,-42.12,21.33,93,6,1.36,BR,1707701002
489,marondera,-18.1853,31.5519,15.13,89,95,4.88,ZW,1707701002
490,loango,-4.6719,11.8312,26.87,80,100,0.47,CG,1707701002
491,hami,42.8,93.45,-2.32,51,3,3.14,CN,1707701002
492,taourirt,34.4073,-2.8973,15.63,80,9,7.8,MA,1707701003
493,vytegra,61.0064,36.4481,-14.24,88,100,1.79,RU,1707701003
494,mhangura,-16.8939,30.1683,17.41,87,100,1.75,ZW,1707701003
495,bowie,33.4501,-94.4335,9.05,96,100,3.97,US,1707701003
496,kikwit,-5.041,18.8162,21.59,96,11,0.98,CD,1707701004
497,aketi,2.7388,23.7833,25.81,55,75,1.01,CD,1707701004
498,touros,-5.1989,-35.4608,27.26,80,25,5.87,BR,1707700766
499,salekhard,66.53,66.6019,-29.92,88,10,2.84,RU,1707701004
500,progreso,21.2833,-89.6667,29.5,81,0,3.67,MX,1707701005
501,linqiong,30.4159,103.4609,8.9,72,7,0.26,CN,1707701005
502,kidal,18.4411,1.4078,22.9,9,0,2.66,ML,1707701005
503,portland,45.5234,-122.6762,12.33,74,100,2.68,US,1707700582
504,zhangjiakou,40.81,114.8794,-5.05,75,3,0.64,CN,1707701006
505,cruzeiro do sul,-29.5128,-51.9853,28.06,87,83,0.47,BR,1707701006
506,duong dong,10.2167,103.9667,26.0,78,20,6.17,VN,1707701007
507,singkil,-7.9855,111.4161,27.3,75,100,1.7,ID,1707701007
508,kottingbrunn,47.953,16.2414,10.12,68,100,4.57,AT,1707701007
509,dul'durga,50.6761,113.5931,-6.0,77,100,2.09,RU,1707701008
510,yasnyy,51.0333,59.8742,-20.55,90,15,3.17,RU,1707701008
511,acajutla,13.5928,-89.8275,25.46,73,6,2.19,SV,1707700988
512,magdagachi,53.45,125.8,-11.01,94,100,3.04,RU,1707701008
513,arraial do cabo,-22.9661,-42.0278,25.7,85,89,11.07,BR,1707701009
514,borogontsy,62.6683,131.1683,-30.11,89,93,3.17,RU,1707701009
515,naze,28.3667,129.4833,14.51,55,1,4.71,JP,1707701009
516,baoqing,46.3317,132.2111,-7.35,85,80,4.29,CN,1707701010
517,cadillac,44.2519,-85.4012,-2.34,74,75,3.09,US,1707700782
518,santa margherita ligure,44.3346,9.212,12.54,82,1,0.89,IT,1707701010
519,langzhong,31.5504,105.9938,10.4,62,7,1.92,CN,1707701010
520,palmas,-10.2128,-48.3603,22.93,94,75,2.57,BR,1707701011
521,kamina,-8.7386,24.9906,18.28,95,100,0.41,CD,1707701011
522,prince george,53.9166,-122.753,0.69,90,100,0.0,CA,1707700816
523,myrina,39.8797,25.0742,15.58,72,20,10.29,GR,1707701011
524,putnok,48.3,20.4333,8.7,97,100,2.03,HU,1707701012
525,moama,-36.1167,144.7833,35.55,30,0,4.72,AU,1707701012
526,nyala,12.05,24.8833,20.09,14,10,4.72,SD,1707701012
527,tres palos,18.1833,-101.6167,21.29,81,0,1.81,MX,1707701013
528,morondava,-20.2833,44.2833,26.96,85,100,2.24,MG,1707701013
529,lamballe,48.4676,-2.5144,7.26,93,100,2.92,FR,1707701013
530,nuuk,64.1835,-51.7216,-13.66,72,40,7.2,GL,1707701014
531,sodra sandby,56.5667,16.6167,1.61,96,100,6.39,SE,1707701014
532,walvis bay,-22.9575,14.5053,18.53,77,90,0.51,,1707701014
533,victoria point,-27.5833,153.3,28.84,67,84,2.68,AU,1707701014
534,recani,31.2846,-4.2688,15.16,40,2,0.89,MA,1707701015
535,paradip garh,20.3167,86.6167,19.36,62,43,1.43,IN,1707701015
536,rundu,-17.9333,19.7667,20.9,80,25,0.82,,1707701015
537,macon,39.8667,-88.9668,4.37,70,0,3.6,US,1707701015
538,tokar,18.4254,37.729,21.74,65,37,3.65,SD,1707701016
539,dera bugti,29.0307,69.151,14.15,21,100,1.03,PK,1707701016
540,harper,4.375,-7.7169,27.0,89,10,3.25,LR,1707701016
541,macau,22.2006,113.5461,18.89,55,0,4.12,MO,1707701017
542,dzuunharaa,48.8523,106.4579,-5.25,78,100,3.43,MN,1707701017
543,vel'sk,61.0701,42.0983,-15.96,97,100,0.89,RU,1707701017
544,pingzhuang,42.0372,119.2889,-1.43,40,0,3.46,CN,1707701017
545,bela,25.9333,81.9833,10.89,62,0,1.65,IN,1707701018
546,fukuecho,32.6881,128.8419,10.2,53,20,3.6,JP,1707701018
547,akureyri,65.6835,-18.0878,-0.04,93,100,4.12,IS,1707701018
548,brak,27.5496,14.2714,18.32,28,16,3.54,LY,1707701019
549,suez,29.9737,32.5263,15.41,58,100,3.32,EG,1707701019
550,nema,57.5067,50.5011,-20.2,99,100,2.46,RU,1707701019
551,zaragoza,41.6561,-0.8773,11.12,71,40,1.54,ES,1707701019
552,port blair,11.6667,92.75,27.53,73,18,5.95,IN,1707701020
553,crane,31.3974,-102.3501,5.39,67,100,7.72,US,1707701020
554,horta,38.5333,-28.6333,17.23,88,0,12.96,PT,1707701020
555,boyolangu,-8.1181,111.8935,27.55,81,16,0.59,ID,1707701021
556,chinde,26.8418,88.0763,8.44,45,0,2.12,NP,1707701021
557,da nang,16.0678,108.2208,19.99,83,75,1.54,VN,1707701021
558,uyuni,-20.4597,-66.825,14.45,56,100,5.27,BO,1707701021
559,santa cruz del sur,20.7147,-77.9956,23.59,71,0,2.37,CU,1707701022
560,kittila,67.6647,24.8936,-25.92,76,20,1.03,FI,1707701022
561,nemuro,43.3236,145.575,-3.62,69,20,5.15,JP,1707701022
562,laguna,38.421,-121.4238,15.16,53,0,1.54,US,1707701022
563,kotlas,61.2611,46.6556,-17.19,99,100,2.24,RU,1707701023
564,wanning,18.8003,110.3967,19.01,75,100,2.67,CN,1707701023
565,vila do maio,15.1333,-23.2167,22.44,79,2,4.73,CV,1707701023
566,cidreira,-30.1811,-50.2056,24.28,93,81,3.91,BR,1707701024
567,tanumah,27.1,44.1333,12.25,69,99,4.07,SA,1707701024
